Monster,Source,# Enc.,Move,AC,HD,bonus hit points,# Attacks,Attack Types,Damage,Save
Aboleth,M2,1d4(1d4),S180'(60'),4,8,0,4,tentacles,1d6/1d6/1d6/1d6,F8
Adherer,FF,1d4(1d6),90'(30'),3,4,0,1,fists,1d3,F4
Aerial Servant,L2,1(1),240'(80'),3,16,0,1,slam,8d4,F10
Afanc,M2,1(1),S150'(50'),6,15,0,1or2,bite/flippers,5d4/3d4/3d4,F15
Algoid,FF,1d6(1d6),60'(20'),5,5,0,2,fists,1d10/1d10,F5
Ankheg 3HD,L2,1d6(1d6),120'(40'),3,3,0,1,bite,3d6+1d4,F3
Ankheg 4HD,L2,1d6(1d6),120'(40'),3,4,0,1,bite,3d6+1d4,F4
Ankheg 5HD,L2,1d6(1d6),120'(40'),3,5,0,1,bite,3d6+1d4,F5
Ankheg 6HD,L2,1d6(1d6),120'(40'),3,6,0,1,bite,3d6+1d4,F6
Ankheg 7HD,L2,1d6(1d6),120'(40'),3,7,0,1,bite,3d6+1d4,F7
Ankheg 8HD,L2,1d6(1d6),120'(40'),3,8,0,1,bite,3d6+1d4,F8
"Ant, Giant",L1,2d4(4d6),180'(60'),3,4,0,1,bite,2d6,F2
Ant Lion,M2,1(1),90'(30'),2,8,0,1,bite,5d4,F4
"Ape, Albino",L1,1d6(2d4),120'(40'),6,4,0,2,claws,1d4/1d4,F2
"Ape, Chimpanzee",L2,1d4(3d4),120'(40'),6,3,0,3,fists/bite,1d3/1d3/1d6,F3
"Ape, Gorilla",L2,1d4(3d4),120'(40'),6,4,1,3,fists/bite,1d3/1d3/1d6,F4
"Ape, Man-Eating",L2,2d4(3d4),120'(40'),6,5,0,3,fists/bite,1d4/1d4/1d8,F5
Apparition,FF,1d4(1d4),F240'(80'),0,8,0,1,fear,Special,F8
Archer Bush,CC,0(1d20),3'(1'),7,2,0,1,thorn spray,1d4,F1
Ascomoid(8'diameter),M2,1(1),120'(40'),3,6,6,1,slam,1d8,F3
"Assassin Bug, Giant",FF,2(2),F180'(60'),5,1,1,1,bite,1d4,F2
Axe Beak,L2,1d6(2d4),180'(60'),6,3,0,3,claws/bite,1d3/1d3/2d4,F3
Babbler,FF,1d4(1d4),120'(40'),6,5,0,3,claws/bite,1d6/1d6/1d8,F3
Baboon,L2,2d4(1d4x10),120'(40'),7,1,1,1,bite,1d4,F1
"Baboon, Higher",L1,2d6(5d6),120'(40'),6,2,0,2,bite/club,1d3/1d6,F2
Badger,L2,1d2(1d4+1),60'(20'),4,1,2,3,claws/bite,1d2/1d2/1d3,F1
"Badger, Giant",L2,1d2(1d4+1),60'(20'),4,3,0,3,claws/bite,1d3/1d3/1d6,F3
Banderlog,M2,4d8(4d8),120'(40'),6,4,0,1,bite,1d4+1,F4
Basilisk,L1,1d6(1d6),60'(20'),4,6,1,2,bite/gaze,1d10/petrify,F6
"Basilisk, Greater",M2,1d2(1d2),60'(20'),2,10,0,4,claws/bite/gaze,1d6/1d6/2d8,F10
Bat,L1,1d00(1d00),F120'(40'),6,0,0,1,swarm,0,F0
"Bat, Giant",L1,1d10(1d10),F180'(60'),6,2,0,1,bite,1d4,F1
"Bat, Mobat",M2,1d8(1d8),F150'(50'),7,6,0,1,bite or screech,2d4,F3
"Bear, Black",L1,1d4(1d4),120'(40'),6,4,0,3,claws/bite,1d3/1d3/1d6,F2
"Bear, Grizzly",L1,1(1d4),120'(40'),6,5,0,3,claws/bite,1d4/1d4/1d8,F2
"Bear, Polar",L1,1(1d2),120'(40'),6,6,0,3,claws/bite,1d6/1d6/1d10,F3
"Bear, Cave",L1,1d2(1d2),120'(40'),5,7,0,3,claws/bite,1d8/1d8/1d12,F3
"Bee, Giant Killer",L1,1d6(5d6),F150'(50'),7,0,0,1,sting,1d3+poison,F1
"Beetle, Gt.Boring",L2,3d6(3d6),60'(20'),3,5,0,1,bite,5d4,F5
"Beetle, Gt.Carnivorous",L1,1d6(2d4),150'(50'),3,3,1,1,bite,2d6,F1
"Beetle, Gt.Deathwatch",M2,1(1),120'(40'),3,9,0,1,bite,3d4,F9
"Beetle, Gt.Fire",L1,1d8(2d6),120'(40'),4,1,2,1,bite,2d4,F1
"Beetle, Gt.Rhinoceros",L2,1d6(1d6),60'(20'),2,12,0,2,bite/horn,3d6/2d8,F12
"Beetle, Gt.Slicer",M2,1d3(1d3),60'(30'),3,6,0,1,bite,2d8,F6
"Beetle, Gt.Spitting",L1,1d8(2d6),120'(40'),4,2,0,1,bite,1d6,F1
"Beetle, Gt.Stag",L2,2d6(2d6),60'(20'),3,7,0,3,horns/bite,1d10/1d10/4d4,F7
"Beetle, Gt.Water",M1,1d12(1d12),S120'(40'),3,4,0,1,bite,3d6,F4
Black Pudding,L1,1(0),60'(20'),6,10,0,1,corrosion,3d8,F5
Blindheim,FF,1d4(1d4),90'(30'),1,4,2,1,bite,1d8,F4
Blink Dog,L1,1d6(1d6),120'(40'),5,4,0,1,bite,1d6,F4
Blood Hawk,FF,1d12+3(1d12+3),F240'(80'),7,1,1,3,claws/bite,1d4/1d4/1d6,F1
Boalisk,M2,1d3(1d3),120'(40'),5,5,1,2,bite/constrict,1d3/1d6+1,F5
Boar,L1,1d6(1d6),150'(50'),7,3,0,1,tusk,2d4,F2
"Boar, Giant",L1,1d4(1d4+1),120'(40'),6,5,0,1,tusk,3d4,F5
"Boar, Warthog",L2,1d6(1d6),120'(40'),7,3,3,2,tusks,2d4/2d4,F3
Boggart,M2,1d4+1(1d4+1),180'(60'),-6,6,0,1,touch,2d6,F6
Bonesnapper,FF,1d3(1d3),60'(20'),4,4,0,2,bite/tail,1d8/1d4,F4
Brown Pudding,M2,1(1d4),60'(20'),5,11,0,1,corrosion,5d4,F11
Brownie,L2,4d4(4d4),120'(40'),3,0,0,1,weapon,1d3,M1
Bugbear,L1,2d4(5d4),90'(30'),5,3,1,1,weapon,Weapon +1,F3
Bulette,L2,1d2(1d2),150'(50'),-2,9,0,3,claws/bite,3d6/3d6/4d12,F9
Camel,L1,0(2d4),150'(50'),7,2,0,2,bite/hoof,1/1d4,F1
Carbuncle,FF,1(1),30'(10'),2,1,0,0,0,0,F1
Carcass Scavenger,L1,1d3(1d3),120'(40'),7,3,1,8,tentacles,Paralysis,F2
Caryatid Column,FF,1d12(1d12),60'(20'),5,5,0,1,sword,2d4,F10
"Cat, Cheetah",M2,1d4(1d4),150'(50'),5,3,0,3,claws/bite,1d2/1d2/2d4,F2
"Cat, Lion",L1,1d4(1d8),150'(50'),6,5,0,3,claws/bite,1d4+1/1d4+1/1d10,F3
"Cat, Mountain Lion",L1,1d4(1d4),150'(50'),6,3,2,3,claws/bite,1d3/1d3/1d6,F2
"Cat, Panther",L1,1d2(1d6),210'(70'),4,4,0,3,claws/bite,1d4/1d4/1d8,F2
"Cat, Sabre-tooth Tiger",L1,1d4(1d4),150'(50'),6,8,0,3,claws/bite,1d8/1d8/2d8,F4
"Cat, Tiger",L1,1(1d3),150'(50'),6,6,0,3,claws/bite,1d6/1d6/2d6,F3
Cave Fisher,M2,1d4(1d4),10'(3'),4,3,0,2,pincers,2d4/2d4,F2
Cave Moray,M2,4d4(4d4),10'(3'),0,4,4,1,bite,2d8,F3
Centaur,L1,0(2d10),180'(60'),5,4,0,3,hooves/weapon,1d6/1d6/weapon,F4
"Centipede, Giant",L1,2d4(1d8),60'(20'),9,0,0,1,bite,Poison,F0
"Centipede, Megalo-",M2,1d4(1d4),180'(60'),5,3,0,1,bite,1d3+poison,F2
"Centipede, Stega-",M2,1(1),150'(50'),3,9,0,2,bite/tail,2d4/3d4+poison,F5
Chimera,L1,1d2(1d4),F180'(60'),4,9,0,5,claws/bites/horns,1d3/1d3/2d4/2d4/3d4,F9
Clubneck,FF,2d4(2d4),120'(40'),8,2,0,3,claws/bite,1d6/1d6/1d8,F2
Cockatrice,L1,1d4(1d8),F180'(60'),6,5,0,1,bite,1d6+petrify,F5
Coffer Corpse,FF,1(1),60'(20'),8,2,0,1,hands or weapon,1d6/weapon,F2
Cooshee,M2,1d8(1d8),150'(50'),5,3,3,1,bite,1d4+6,F2
Couatl,L2,1d4(1d4),F180'(60'),5,9,0,2,bite/constrict,1d3/2d4,M9
"Crab, Giant",L1,1d2(1d6),60'(20'),2,3,0,2,pincers,2d6/2d6,F2
Crabman,FF,2d6(2d6),90'(30'),4,3,0,2,pincers,1d4/1d4,F3
"Crayfish, Giant",L2,1d4(1d4),S120'(40'),4,4,4,2,pincers,2d6/2d6,F4
Crocodile,L1,0(1d8),S90'(30'),5,2,0,1,bite,1d8,F1
"Crocodile, Large",L1,0(1d4),S90'(30'),3,6,0,1,bite,2d8,F3
"Crocodile, Giant",L1,0(1d3),S90'(30'),1,15,0,1,bite,3d8,F8
Crypt Thing,FF,1(1),120'(40'),3,6,0,1,claw,1d8,F6
Crystal Ooze,M2,1d2(1d2),S30'(10'),8,4,0,1,poison,4d4+paralysis,F4
Cyclops,L1,1(1d4),90'(30'),5,13,0,1,club,3d10,F13
"Daemon, Charon",M2,1(1),180'(60'),-5,22,0,1,pole,2d4+paralysis,F22
"Daemon, Charna-",M2,1(1),180'(60'),-1,10,20,1,pole,2d4,F10
"Daemon, Dergho-",M2,1d4(1d4),120'(40'),0,11,22,5,claws,1d4+8each,F11
"Daemon, Guardian",FF,1d3(1d3),90'(30'),1,8,0,3,claws/bite,1d12/1d12/1d6,F8
"Daemon, Hydro-",M2,2d4(2d4),60'(20'),2,9,36,3,claws/bite,1d8/1d8/1d10,F9
"Daemon, Oino-",M2,1(1),180'(60'),-6,23,0,2,claws,2d6/2d6+disease,F23
"Daemon, Pisco-",M2,3d4(3d4),S180'(60'),-1,6,0,2,pincers,2d8/2d8,F6
Dakon,FF,10d6(10d6),60'(20'),5,1,1,2,claws,1d10/1d10,F1
Dark Creeper,FF,1(20d4),90'(30'),0,1,1,1,dagger,1d4,F1
Dark Stalker,FF,1(1),90'(30'),0,2,1,1,short sword,1d6,F2
Death Dog,FF,5d10(5d10),120'(40'),7,2,1,2,bites,1d10/1d10,F2
"Demodand, Shaggy",M2,1(1d8),F180'(60'),-3,15,0,3,claws/bite,1d8+1/1d8+1/5d4,F15
"Demodand, Slime",M2,1(1d10),F240'(60'),-2,13,0,3,claws/bite,2d4/2d4/4d4,F13
"Demodand, Tarry",M2,1(2d6),F300'(100'),-1,11,0,3,claws/bite,1d6+1/1d6+1/3d4,F11
"Demon, Alu-",M2,1(1),120'(40'),5,6,2,1,weapon,Weapon,F6
"Demon, Astarot",L2,1(1),150'(50'),-7,23,0,3,tentacles/tail,1d6/1d6/2d6,F23
"Demon, Babau",L2,1d3(1d6),150'(50'),-3,7,10,3,claws/horn,1d4+1/1d4+1/2d4,F7
"Demon, Balor",L2,1d3(1d6),F150'(50'),-2,8,7,1,sword or whip,1d8+1/1d6,F8
"Demon, Baphomet",M2,1(1),240'(80'),-4,21,0,3,butt/bite/weapon,2d6/1d4+1/3d4+8,F21
"Demon, Cambion (Major)",M2,1(1),150'(50'),6,0,0,1,weapon,Weapon+STR,F5-8
"Demon, Demogorgon",M1,1(1),150'(50'),-8,22,0,3,tentacles/tail,1d6/1d6/energy drain,F22
"Demon, Fraz-urb'luu",M2,1(1),F180'(60'),-2,23,0,3,fists/tail,1d6+12/1d6+12/1d12,F23
"Demon, Glabrezu",L2,1d3(1d6),90'(30'),-4,10,0,5,pincers/claws/bite,2d6/2d6/1d3/1d3/1d4+1,F10
"Demon, Hezrou",L2,1d3(1d6),120'(40'),-2,9,0,3,claws/bite,1d3/1d3/4d4,F9
"Demon, Jubilex",L2,1(1),30'(10'),-7,21,0,1,acid,4d10,F21
"Demon, Kostchtchie",M2,1(1),60'(20'),-3,21,0,1,weapon,2d6+10,F21
"Demon, Marilith",L2,1d3(1d6),120'(40'),-6,7,6,7,weapons/tail,Weapons/2d4,F7
"Demon, Nabassu",M2,1(1),F150'(50'),Varies,5,0,3,claws/bite,2d4/2d4/3d4,F5
"Demon, Nalfeshnee",L2,1d3(1d6),F120'(40'),-1,11,0,3,claws/bite,1d4/1d4/2d4,F11
"Demon, Orcus",L2,1(1),F180'(60'),-6,22,0,2,fist/tail,2d6+1/2d4+poison,F22
"Demon, Pazuzu",M2,1(1),F240'(80'),-9,23,0,1,weapon,Weapon+8,F23
"Demon, Quasit",L2,1(0),150'(50'),2,3,0,3,claws/bite,1d2/1d2/1d4,F3
"Demon, Shadow",FF,1(1),120'(40'),1,7,3,3,claws/bite,1d6/1d6/1d8,F7
"Demon, Succubus",L2,1(1),F180'(60'),0,6,0,2,claws,1d3/1d3,F6
"Demon, Vrock",L2,1d3(1d6),F180'(60'),0,8,0,5,claws/beak,1d4/1d4/1d8/1d8/1d6,F8
Demon Boar,L1,1d4(1d4),180'(60'),3,9,0,1,gore,2d6,F9
"Deva, Monadic",M2,1d4(1d4),F360'(120'),-4,8,32,2,rod,3d4+4/3d4+4,F8
"Deva, Movanic",M2,1d6(1d6),F300'(100'),-5,7,28,4,sword,1d8+6/1d8+6/1d8+6,F7
"Devil, Amon",L2,1(1),180'(60'),-2,22,0,1,bite/weapon,3d4/weapon+4,F22
"Devil, Bael",L2,1(1),120'(40'),-3,21,0,2,weapon,Weapon+6,F21
"Devil, Barbed",L2,1d2(3d4),120'(40'),0,8,0,3,claws/tail,2d4/2d4/3d4,F8
"Devil, Bone",L2,1d2(2d4),150'(50'),-1,9,0,1,hook or tail,3d4/2d4,F9
"Devil, Erinyes",L2,1d3(4d4),F210'(70'),2,6,5,1,dagger,2d4+poison,F6
"Devil, Geryon",L2,1(1),F180'(60'),-3,23,0,3,claws/sting,3d6/3d6/2d4,F23
"Devil, Horned",L2,1d2(1d4+1),F180'(60'),-5,5,5,4,claws/bite/tail,1d4/1d4/1d4+1/1d3,F5
"Devil, Hutijin",M2,1(1),F180'(60'),-4,21,0,2,trident/net,1d8+11/ensnare,F21
"Devil, Ice",L2,1(1d4),60'(20'),-4,11,0,4,claws/bite/tail,1d4/1d4/1d4/3d4,F11
"Devil, Imp",L2,1(1),F180'(60'),2,2,2,1,tail,1d4+poison,F2
"Devil, Lemure",L2,0(5d6),30'(10'),7,3,0,1,claw,1d4,F3
"Devil, Moloch",M2,1(1),120'(40'),-3,22,0,3,claws/bite,1d4+7/1d4+7/4d4,F22
"Devil, Pit Fiend",L2,1(1d3),F150'(50'),-3,13,0,2or1,weapons/tail,1d6+6/1d6+6/2d4,F13
"Devil, Titivilus",M2,1(1),F300'(100'),-2,21,0,1,weapon,Weapon+3,F21
Devil Dog,FF,4d4(4d4),300'(100'),6,6,0,1,bite,2d4,F6
"Dinosaur, Pteranodon",L1,0(1d4),F240'(80'),6,5,0,1,bite,1d12,F3
"Dinosaur, Pterodactyl",L1,0(1d4),F180'(60'),7,1,0,1,bite,1d3,F1
"Dinosaur, Stegosaurus",L1,0(1d4),60'(20'),3,11,0,1,tail or trample,2d8/2d6,F6
"Dinosaur, Triceratops",L1,0(1d4),90'(30'),2,11,0,1,gore or trample,3d6/3d6,F6
"Dinosaur, T.Rex",L1,0(1),120'(40'),3,20,0,1,bite,6d6,F10
Dire Corby,FF,1d12(1d12),120'(40'),6,2,0,2,claws,1d6/1d6,F2
Disenchanter,FF,1d2(1d2),120'(40'),5,5,0,1,snout,Drain magic,F5
Djinni,L1,1(1),F240'(80'),5,7,1,1,fist,2d8,F14
"Dog, War",L2,0(0),120'(40'),6,2,2,1,bite,2d4,F2
"Dog, Wild",L2,4d4(4d4),150'(50'),7,1,1,1,bite,1d4,F1
Doppelganger,L1,1d6(1d6),90'(30'),5,4,0,1,fist,1d12,F10
Dracolisk,M2,1d2(1d2),F150'(50'),3,7,3,3,claws/bite,1d6/1d6/3d4,F7
"Dragon, Black",L1,1d4(1d4),F240'(80'),2,7,0,3,claws/bite,1d4+1/1d4+1/2d10,F7
"Dragon, Blue",L1,1d4(1d4),F240'(80'),0,9,0,3,claws/bite,1d6+1/1d6+1/3d10,F9
"Dragon, Brass",L2,1d4(1d4),F240'(80'),2,7,0,3,claws/bite,1d4/1d4/4d4,F7
"Dragon, Bronze",L2,1d4(1d4),F240'(80'),0,9,0,3,claws/bite,1d6/1d6/4d6,F9
"Dragon, Chromatic",L2,1(1),F180'(60'),0,18,0,6,bites/tail,As head/1d6+poison,F18
"Dragon, Cloud",M2,1d2(1d2),F390'(130'),0,13,0,4,claws/bite/tail,1d10/1d10/3d12/3d4,F13
"Dragon, Copper",L2,1d4(1d4),F240'(80'),1,8,0,3,claws/bite,1d4/1d4/5d4,F8
"Dragon, Faerie",M2,1d6(1d6),F240(80'),5,4,0,1,bite,1d2,F4
"Dragon, Gold",L1,1d4(1d4),F240'(80'),-2,11,0,3,claws/bite,2d4/2d4/6d6,F11
"Dragon, Green",L1,1d4(1d4),F240'(80'),1,8,0,3,claws/bite,1d6/1d6/3d8,F8
"Dragon, Mist",M2,1d2(1d2),F330'(110'),1,10,0,4,claws/bite/tail,1d4/1d4/2d12/2d4,F10
"Dragon, Red",L1,1d4(1d4),F240'(80'),-1,10,0,3,claws/bite,1d8/1d8/4d8,F10
"Dragon, Sea",L1,0(1d4),F/S180'(60'),1,8,0,1,bite,3d8,F8
"Dragon, Silver",L2,1d4(1d4),F240'(80'),-1,10,0,3,claws/bite,1d6/1d6/5d6,F10
"Dragon, White",L1,1d4(1d4),F240'(80'),3,6,0,3,claws/bite,1d4/1d4/2d8,F6
Dragon Fish,FF,1(1),S60'(20'),4,2,0,1,bite,1d6,F2
Dragon Horse,M2,1(1d3),F480'(160'),0,8,0,2,hooves,1d8/1d8,F8
Dragon Turtle,L1,0(1),S90'(30'),-2,30,0,3,claws/bite,1d8/1d8/10d6,F15
"Dragonfly, Giant",M2,1d6(1d6),F360'(120'),3,7,0,1,bite,3d4,F4
Dragonne,L2,1(1),150'(50'),2,9,0,3,claws/bite,1d8/1d8/3d6,F9
Dragonnel,M2,1d4(1d4),F180'(60'),3,8,4,3,claws/bite,1d6/1d6/4d4,F8
"Drake, Fire",FF,2d4(2d4),F180'(60'),5,4,0,1,bite,2d4,F4
"Drake, Ice",FF,1d4(1d4),F150'(50'),1,3,3,3,claws/bite,1d3/1d3/1d6,F3
Drelb,M2,1(1),60'(20'),2,5,3,1,touch,3d4+chill,F5
Dryad,L1,0(1d6),120'(40'),5,2,0,1,charm,0,F4
Dun Pudding,M2,1(1d3),120'(40'),7,8,1,1,corrosion,4d6,F8
Dust Digger,M2,1d20(1d20),30'(10'),4,4,0,1,crush,1d8,F2
Dwarf,L1,1d6(5d8),60'(20'),4,1,0,1,weapon,Weapon,D1
"Dwarf, Duergar",L2,2d4(1d00+100),60'(20'),4,1,2,1,weapon,Weapon,F1
"Eagle, Giant",L2,1d6(1d20),F480'(160'),7,4,0,3,claws/bite,1d6/1d6/2d6,F4
Ear Seeker,L2,1d4(1d4),10'(3'),9,0,0,0,,0,F1
"Eel, Electric",L2,1d3(1d3),S120'(40'),9,2,0,1,bite,1d4,F2
"Eel, Giant",L2,1d4(1d4),S90'(30'),6,5,0,1,bite,3d6,F5
"Eel, Sea",L2,0(1d6x10),S150'(50'),8,0,0,1,bite,1+poison,F1
Efreeti,L1,1(1),F240'(80'),3,10,0,1,sword,2d8,F15
"Elemental, Air8HD",L1,1(1),F360'(120'),2,8,0,1,blast,1d8,F8
"Elemental, Air12HD",L1,1(1),F360'(120'),0,12,0,1,blast,2d8,F12
"Elemental, Air16HD",L1,1(1),F360'(120'),-2,16,0,1,blast,3d8,F16
"Elemental, Earth8HD",L1,1(1),60'(20'),2,8,0,1,fist,1d8,F8
"Elemental, Earth12HD",L1,1(1),60'(20'),0,12,0,1,fist,2d8,F12
"Elemental, Earth16HD",L1,1(1),60'(20'),-2,16,0,1,fist,3d8,F16
"Elemental, Fire8HD",L1,1(1),120'(40'),2,8,0,1,flames,1d8,F8
"Elemental, Fire12HD",L1,1(1),120'(40'),0,12,0,1,flames,2d8,F12
"Elemental, Fire16HD",L1,1(1),120'(40'),-2,16,0,1,flames,3d8,F16
"Elemental, Time12HD",M2,1(1),10'(3'),2,12,0,1,dust spray,3d4,F12
"Elemental, Time16HD",M2,1(1),10'(3'),2,16,0,1,dust spray,4d4,F16
"Elemental, Water8HD",L1,1(1),S180'(60'),2,8,0,1,water jet,1d8,F8
"Elemental, Water12HD",L1,1(1),S180'(60'),0,12,0,1,water jet,2d8,F12
"Elemental, Water16HD",L1,1(1),S180'(60'),-2,16,0,1,water jet,3d8,F16
Elephant,L1,0(1d20),120'(40'),5,9,0,2or1,tusks/trample,2d4/2d4/4d8,F5
Elf,L1,1d4(2d12),120'(40'),5,1,1,1,weapon,Weapon,E1
"Elf, Deep",L2,1d10(4d12),120'(40'),5,1,0,1,weapon,Weapon,F1
"Elf, Drow",L2,2d4(5d10),120'(40'),4,2,0,1,weapon,Weapon,F2
Ettin,L1,1d2(1d4),120'(40'),3,10,0,2,clubs,2d8/3d6,F10
Executioner's Hood2HD,M2,1(1),60'(20'),6,2,2,1,strangle,1d4,F2
Executioner's Hood4HD,M2,1(1),60'(20'),6,4,4,1,strangle,1d4,F4
Executioner's Hood6HD,M2,1(1),60'(20'),6,6,6,1,strangle,1d4,F6
"Eye, Floating",L2,1d12(1d12),S300'(100'),9,0,0,1,gaze,0,F1
Eye of the Deep,L2,1(1),S60'(20'),5,0,0,3,pincers/bite,2d4/2d4/1d6,F10-12
"Eye, Tentacled",L2,1(1),90'(30'),4,0,0,8or1,tentacles/bite,1d8each/2d6,F14-16
Eye of Terror,L2,1(1),F60'(20'),0,0,0,3,tentacles/bite,1d6/1d6/2d4,F10-12
"False Spider, Large",M2,1d6(1d6),90'(30'),6,3,3,2or1,legs/bite,0/0/2d4,F2
"False Spider, Huge",M2,1d6(1d6),90'(30'),5,5,5,2or1,legs/bite,0/0/3d4,F3
"False Spider, Giant",M2,1d4(1d4),120'(40'),4,6,6,2or1,legs/bite,0/0/4d4,F4
"Ferret, Giant",L1,1d8(1d12),150'(50'),5,1,1,1,bite,1d8,F1
Fire Snake,FF,1d6(1d6),40'(13'),6,2,0,1,bite,1d4+paralysis,F2
"Fish, Gt.Catfish",L1,0(1d2,S90'(30'),4,8,3,5,feelers/bite,1d4each/2d8,F4
"Fish, Gt.Piranha",L1,0(2d4),S150'(50'),6,3,3,1,bite,1d8,F2
"Fish, Gt.Rockfish",L1,0(2d4),S180'(60'),7,5,5,4,spines,1d4each+poison,F3
"Fish, Gt.Sturgeon",L1,0(1),S180'(60'),0,10,2,1,bite,2d10,F5
Flail Snail4HD,FF,1(1),30'(10'),4,4,0,4,tentacles,1d8each,F4
Flail Snail5HD,FF,1(1),30'(10'),4,5,0,5,tentacles,1d8each,F5
Flail Snail6HD,FF,1(1),30'(10'),4,6,0,6,tentacles,1d8each,F6
Flightless Bird1HD,L2,2d10(2d10),180'(60'),7,1,0,1,bite/claws,1d4,F1
Flightless Bird2HD,L2,2d10(2d10),180'(60'),7,2,0,1,bite/claws,1d6,F2
Flightless Bird3HD,L2,2d10(2d10),180'(60'),7,3,0,1,bite/claws,2d4,F3
Flind,FF,2d12(2d12),120'(40'),5,2,3,1,club,1d6,F2
Flumph,FF,2d8(2d8),F60'(20'),0,2,0,1,spikes,1d8+acid,F2
"Fly, Gt.Carnivorous",L1,1d6(2d6),F180'(60'),6,2,0,1,bite,1d8,F1
Foo Dog,M2,2d4(2d4),270'(90'),0,7,7,3,claws/bite,1d4+1/1d4+1/1d12,F7
Foo Lion,M2,1d4(1d4),210'(70'),-1,11,11,3,claws/bite,2d4/2d4/2d8,F11
Forester's Bane,M2,1d2(1d2),0'(0'),4,5,0,3to6,stalks,1d4+1each,F5
"Frog, Giant1HD",L2,5d8(5d8),S90'(30'),7,1,0,1,bite,1d3,F1
"Frog, Giant2HD",L2,5d8(5d8),S90'(30'),7,2,0,1,bite,1d6,F2
"Frog, Giant3HD",L2,5d8(5d8),S90'(30'),7,3,0,1,bite,2d4,F3
"Frog, Gt.Killer",L2,3d6(3d6),S120'(40'),8,1,4,3,claws/bite,1d2/1d2/1d4+1,F1
"Frog, Gt.Poisonous",L2,2d6(2d6),S90'(30'),8,1,0,1,bite,1+poison,F1
Froghemoth,M2,1(1),40'(13'),2,16,0,4or1,tentacles/bite,1d4+4each/5d10,F16
Frost Man,FF,1(1),120'(40'),5,4,0,1,weapon,Weapon,F4
"Fungi, Violet",L2,1d4(1d4),10'(3'),7,3,0,1to4,tentacles,Rot,F3
Gambado,FF,1d8(1d8),J120'(40'),6,4,0,3,claws/bite,1d4/1d4/1d8,F4
Gargoyle,L1,1d6(2d4),F150'(50'),5,4,0,4,claws/bite/gore,1d3/1d3/1d6/1d4,F8
Gargoyle 4-Armed,ToH,1d4(1d6),F150'(50'),3,6,0,4,claws/bite/gore,1d4x4/1d6/1d4,F12
Gas Spore,L2,1d3(1d3),F30'(10'),9,0,0,1,spores,Infection,F1
Gelatinous Cube,L1,1(0),60'(20'),8,4,0,1,slam,2d4+paralysis,F2
Ghast,L2,1d6(1d6),150'(50'),4,4,0,3,claws/bite,1d4/1d4/1d8,F4
Ghost,L2,1(1),90'(30'),0,10,0,1,fear,Ageing,F10
Ghoul,L1,1d6(2d8),90'(30'),6,2,0,3,claws/bite,1d3/1d3/1d3,F2
"Giant, Hill",L1,1d4(2d4),120'(40'),4,8,0,1,weapon,2d8,F8
"Giant, Stone",L1,1d2(1d6),120'(40'),4,9,0,1,weapon,3d6,F9
"Giant, Frost",L1,1d2(1d4),120'(40'),4,10,1,1,weapon,4d6,F10
"Giant, Fire",L1,1d2(1d3),120'(40'),4,11,2,1,weapon,5d6,F11
"Giant, Cloud",L1,1d2(1d3),120'(40'),4,12,3,1,weapon,6d6,F12
"Giant, Storm",L1,1(1d3),150'(50'),2,15,0,1,weapon,8d6,F15
Gloomwing,M2,1(1),F120'(40'),1,5,1,3,claws/bite,1d3/1d3/1d8,F5
Gnoll,L1,1d6(3d6),90'(30'),5,2,0,1,weapon,Weapon+1,F2
Gnome,L1,1d8(5d8),60'(20'),5,1,0,1,weapon,Weapon,D1
Goblin,L1,2d4(6d10),60'(20'),6,0,0,1,weapon,Weapon,F0
"Golem, Amber",L1,1(1),180'(60'),6,10,0,3,claws/bite,2d6/2d6/2d10,F5
"Golem, Bone",L1,1(1),120'(40'),2,8,0,4,weapons,Weapons,F4
"Golem, Bronze",L1,1(1),240'(80'),0,20,0,1,fist,3d10,F10
"Golem, Clay",L2,1(0),60'(20'),7,11,0,1,fist,3d10,F11
"Golem, Flesh",L2,1(0),90'(30'),9,9,0,2,fists,2d8/2d8,F9
"Golem, Iron",L2,1(0),60'(20'),3,18,0,1,fist,4d10,F18
"Golem, Stone",L2,1(0),60'(20'),5,14,0,1,fist,3d8,F14
"Golem, Wood",L1,1(1),120'(40'),7,2,2,1,fist,1d8,F1
Gorbel,FF,1d20(1d20),180'(60'),3,2,0,1,claws,1d4,F2
Gorgon,L1,1d2(1d4),120'(40'),2,8,0,1,gore,2d6,F8
Gorgimera,M2,1(1),150'(50'),2,10,0,5,claws/bites,1d3/1d3/2d4/2d6/3d4,F10
Gorilla Bear,FF,1d6+1(1d6+1),90'(30'),4,4,0,2,claws,1d8/1d8,F4
Gray Ooze,L1,1(1),10'(3'),8,3,0,1,acid slam,2d8,F2
Gray Worm,L1,1d3(1d3),60'(20'),6,6,0,1,bite,1d8,F3
Green Slime,L1,1(0),3'(1'),,2,0,1,slime,Digestion,F1
Griffon,L1,0(2d8),F360'(120'),5,7,0,3,claws/bite,1d4/1d4/2d8,F4
Grippli,M2,1d10(5d6),90'(30'),9,1,1,1,weapon,1d4,F1
Groaning Spirit,L2,1(1),150'(50'),0,7,0,1,touch,1d8 cold,F7
Gryph2HD,FF,1d6(1d6),F210'(70'),6,2,0,1,bite,2d6,F2
Gryph3HD,FF,1d6(1d6),F210'(70'),6,3,0,1,bite,2d6,F3
Gryph4HD,FF,1d6(1d6),F210'(70'),6,4,0,1,bite,2d6,F4
Halfling,L1,3d6(5d8),90'(30'),7,0,0,1,weapon,Weapon,H1
Harpy,L1,1d6(2d4),F150'(50'),7,3,0,3,claws/weapon,1d4/1d4/weapon,F3
Haunt,M2,1(1),60'(20'),0,5,0,1,strangle,Special,F5
Hawk,L1,0(1d6),F480'(160'),8,0,0,1,bite,1d2,F0
"Hawk, Giant",L1,0(1d3),F450'(150'),6,3,3,1,bite,1d6,F2
Hell Hound3HD,L1,2d4(2d4),120'(40'),4,3,0,1,bite,1d6,F3
Hell Hound4HD,L1,2d4(2d4),120'(40'),4,4,0,1,bite,1d6,F4
Hell Hound5HD,L1,2d4(2d4),120'(40'),4,5,0,1,bite,1d6,F5
Hell Hound6HD,L1,2d4(2d4),120'(40'),4,6,0,1,bite,1d6,F6
Hell Hound7HD,L1,2d4(2d4),120'(40'),4,7,0,1,bite,1d6,F7
Herd Animal1HD,L1,0(3d10),240'(80'),7,1,0,1,butt,1d4,F1
Herd Animal2HD,L1,0(3d10),240'(80'),7,2,0,1,butt,1d4,F1
Herd Animal3HD,L1,0(3d10),240'(80'),7,3,0,1,butt,1d6,F2
Herd Animal4HD,L1,0(3d10),240'(80'),7,4,0,1,butt,1d8,F2
Hippocampus,L2,2d4(2d4),S240'(80'),5,4,0,1,kick,1d4,F4
Hippogriff,L1,0(2d8),F360'(120'),5,3,1,3,claws/bite,1d6/1d6/1d10,F2
Hoar Fox,FF,1d6(1d6),150'(50'),6,2,0,1,bite,1d6,F2
Hobgoblin,L1,1d6(4d6),90'(30'),6,1,1,1,weapon,Weapon,F1
Homunculus,L2,1(0),F180'(60'),6,2,0,1,bite,1d3+sleep,Varies
"Hornet, Giant",FF,1(1),F240'(80'),2,5,0,1,sting,1d4+poison,F5
"Horse, Riding",L1,0(1d10x10),240'(80'),7,2,0,2,hooves,1d4/1d4,F1
"Horse, War",L1,0(0),120'(40'),7,3,0,2,hooves,1d6/1d6,F2
"Horse, Draft",L1,0(0),90'(30'),7,3,0,0,0,0,F2
Hound of Ill Omen,FF,1(1),0'(0'),,0,0,1,howl,Special,
Huecuva,FF,1d10(1d10),90'(30'),3,2,0,1,fist,1d6+disease,F2
Hydra5HD,L1,1(1),120'(40'),5,5,0,5,bites,1d10each,F5
Hydra6HD,L1,1(1),120'(40'),5,6,0,6,bites,1d10each,F6
Hydra7HD,L1,1(1),120'(40'),5,7,0,7,bites,1d10each,F7
Hydra8HD,L1,1(1),120'(40'),5,8,0,8,bites,1d10each,F8
Hydra9HD,L1,1(1),120'(40'),5,9,0,9,bites,1d10each,F9
Hydra10HD,L1,1(1),120'(40'),5,10,0,10,bites,1d10each,F10
Hydra11HD,L1,1(1),120'(40'),5,11,0,11,bites,1d10each,F11
Hydra12HD,L1,1(1),120'(40'),5,12,0,12,bites,1d10each,F12
Hyena,L2,2d6(2d6),120'(40'),7,3,0,1,bite,2d4,F3
"Hyena, Giant",L2,2d4(2d4),120'(40'),7,5,0,1,bite,3d4,F5
Insect Swarm2HD,L1,1(3),F60'(20'),7,2,0,1,bites,2,F0
Insect Swarm3HD,L1,1(3),F60'(20'),7,3,0,1,bites,2,F0
Insect Swarm4HD,L1,1(3),F60'(20'),7,4,0,1,bites,2,F0
Invisible Stalker,L1,1(1),120'(40'),3,8,0,1,fist,4d4,F8
Iron Cobra,FF,1(1),120'(40'),0,1,0,1,bite,1d3+poison,F1/M12
Jackal,L2,1d6(2d4),150'(50'),7,0,0,1,bite,1d2,F1
Jackalwere,L2,1d4(1d4),120'(40'),4,4,0,1,bite/weapon,2d4/weapon,F4
Jaculi,FF,1d10+10(1d10+10),90'(30'),6,1,0,1,impale,1d6,F1
Kamadan,FF,1(1),180'(60'),4,4,2,3,claws/bite,1d3/1d3/1d6,F4
Kampfult,M2,1(1),30'(10'),4,2,0,6,vines,1each,F2
Kech,M2,2d4(2d4),150'(50'),4,5,0,3,claws/bite,1d4+1/1d4+1/1d6,F5
Kelpie,FF,1d4(1d4),S120'(40'),3,5,0,0,,0,F5
Khargra,FF,1d6(1d6),B150'(50'),-3,6,0,1,bite,3d6,F6
Killmoulis,FF,1d3(1d3),150'(50'),6,0,0,0,,0,F0
Kobold,L1,4d4(6d10),60'(20'),7,0,0,1,weapon,Weapon-1,F0
Korred,M2,1d4(1d4),90'(30'),5,6,1,1,weapon,Weapon+4,F6
Lamia,L2,1(1),240'(80'),3,9,0,1,weapon,Weapon,F9
Lammasu,L2,2d4(2d4),F240'(80'),6,7,7,2,claws,1d6/1d6,F7
Land Lamprey,M2,2d6(2d6),120'(40'),7,1,2,1,bite,1,F1
Lava Child,FF,3d6(3d6),90'(30'),4,4,0,3,claws/bite,1d6/1d6/2d6,F4
"Leech, Giant",L1,0(1d4),S120'(40'),7,6,0,1,blood drain,1d6/round,F3
Leprechaun,L2,1(1d20),150'(50'),8,0,0,0,,0,M1
Lich,L2,1(1),60'(20'),0,12,0,1,touch,1d10cold,M18+
"Lizard, Gt.Draco",L1,1d4(1d8),120'(40'),5,4,2,1,bite,1d10,F3
"Lizard, Gt.Gecko",L1,1d6(1d10),120'(40'),5,3,1,1,bite,1d8,F2
"Lizard, Gt.Horned(Chameleon)",L1,1d3(1d6),120'(40'),2,5,0,2,bite/horn,2d4/1d6,F3
"Lizard, Gt.Tuatara",L1,1d2(1d4),90'(30'),4,6,0,3,claws/bite,1d4/1d4/2d6,F4
"Lizard, Gt.Fire",M1,1d4(1d4),90'(30'),3,10,0,3,claws/bite,1d6/1d6/2d8,F10
Lizardfolk,L1,2d4(6d6),S120'(40'),5,2,1,1,weapon,Weapon+1,F2
Locathah,L2,3d4(2d10x10),S120'(40'),6,2,0,1,weapon,Weapon,F2
"Locust, Subterranean",L1,2d10(1d10),F180'(60'),4,2,0,1,bite/slam/spit,1d2/1d4/special,F2
Lurker Above,L2,1(1d4),F90'(30'),6,10,0,1,crush,1d6,F10
"Lycanthrope, Werebear",L1,1d4(1d4),120'(40'),2,6,0,3,claws/bite,2d4/2d4/2d8,F6
"Lycanthrope, Wereboar",L1,1d4(2d4),150'(50'),4,4,1,1,tusks,2d6,F4
"Lycanthrope, Wererat",L1,1d8(2d6),120'(40'),7,3,0,1,bite/weapon,1d4/weapon,F3
"Lycanthrope, Wereshark",M2,1(1),S210'(70'),0,10,0,1,bite,5d4,F10
"Lycanthrope, Weretiger",L1,1d4(1d4),150'(50'),3,5,0,3,claws/bite,1d6/1d6/2d6,F5
"Lycanthrope, Werewolf",L1,1d6(2d6),180'(60'),5,4,0,1,bite,2d4,F4
Magnesium Spirit,FF,1(1),360'(120'),0,6,1,1,slam,3d4+level drain,F6
Mandragora1+1HD,M2,3d6(3d6),120'(40'),5,1,1,2,tentacles,1d4/1d4,F1
Mandragora2+2HD,M2,3d6(3d6),120'(40'),5,2,2,2,tentacles,1d4/1d4,F2
Mantari,FF,1d3(1d3),F180'(60'),9,1,1,1,tail,Special,F1
Manticore,L1,1d2(1d4),F180'(60'),4,6,1,3,claws/bite,1d4/1d4/2d4,F6
Marid,M2,1(1),F240'(80'),0,13,0,1,fist,4d8,F13
Mastodon,L1,0(2d8),120'(40'),3,15,0,2,tusks,2d6/2d6,F8
Medusa,L1,1d3(1d4),90'(30'),8,4,0,1,bite,1d6+poison,F4
Memory Moss,M2,2d6(2d6),0'(0'),9,0,0,0,,0,F0
"Men, Berserker",L1,1d6(3d10),120'(40'),7,1,1,1,weapon,1d6/weapon,F1
"Men, Brigand",L1,0(1d4x10),120'(40'),Varies,1,0,1,weapon,1d6/weapon,F1
"Men, Merchant",L1,0(1d20),90'(30'),9,1,0,1,weapon,1d6/weapon,F1
"Men, Nomad",L1,0(1d4x10),120'(40'),Varies,1,0,1,weapon,1d6/weapon,F1
"Men, Pirate",L1,0(1d8ships),120'(40'),Varies,1,0,1,weapon,1d6/weapon,F1
"Mephit, Fire",FF,1(1),F240'(80'),5,3,1,2,claws,1d3+1/1d3+1,F3
"Mephit, Lava",FF,1(1),F240'(80'),6,3,0,2,claws,1d8+1/1d8+1,F3
"Mephit, Smoke",FF,1(1),F240'(80'),4,3,0,2,claws,1d2/1d2,F3
"Mephit, Steam",FF,1(1),F240'(80'),7,3,3,2,claws,1d4/1d4,F3
Merfolk,L1,0(1d20),S120'(40'),6,1,0,1,weapon,1d6/weapon,F1
Mimic7HD,L2,1(1),30'(10'),7,7,0,1,smash,3d4,F7
Mimic8HD,L2,1(1),30'(10'),7,8,0,1,smash,3d4,F8
Mimic9HD,L2,1(1),30'(10'),7,9,0,1,smash,3d4,F9
Mimic10HD,L2,1(1),30'(10'),7,10,0,1,smash,3d4,F10
Minotaur,L1,1d6(1d8),120'(40'),6,6,0,2,gore/bite,1d6/1d6,F6
Mite,FF,6d4(6d4),30'(10'),8,0,0,1,bite,1d3,F0
MongrelmanHD1,M2,1d00(1d00),90'(30'),5,1,0,1,bite/weapon,1d4/weapon,F1
MongrelmanHD2,M2,1d00(1d00),90'(30'),5,2,0,1,bite/weapon,1d6/weapon,F2
MongrelmanHD3,M2,1d00(1d00),90'(30'),5,3,0,1,bite/weapon,1d8/weapon,F3
MongrelmanHD4,M2,1d00(1d00),90'(30'),5,4,0,1,bite/weapon,1d10/weapon,F4
Moon Dog,M2,1(2d4),300'(100'),2,8,16,1,bite,3d4,F8
Morlock,L1,1d12(5d10),120'(40'),8,1,0,1,weapon,Weapon,F1
Muckdweller,M2,5d4(5d4),S120'(40'),6,0,0,1,bite,1d2,F0
Mud-Man,M2,2d6(2d6),30'(10'),9,2,0,1,throw mud,0,F2
Mule,L1,1d8(2d6),120'(40'),7,2,0,1,kick/bite,1d4/1d3,F0
Mummy,L1,1d4(1d12),60'(20'),3,5,1,1,fist,1d12,F5
Mustard Jelly,M2,1(1),90'(30'),4,7,14,1,pod,5d4,F7
"Naga, Guardian",L2,1d2(0),150'(50'),3,0,0,2,bite/constrict,1d6/2d4,F11-12
"Naga, Spirit",L2,1d3(0),120'(40'),4,0,0,1,bite,1d3+poison,F9-10
"Naga, Water7HD",L2,1d4(0),S180'(60'),5,7,0,1,bite,1d4+poison,F7
"Naga, Water8HD",L2,1d4(0),S180'(60'),5,8,0,1,bite,1d4+poison,F8
Neanderthal,L1,1d10(4d10),120'(40'),8,2,0,1,weapon,2d4/weapon,F2
Necrophidius,FF,1(1),90'(30'),2,2,0,1,bite,1d8+paralysis,F2
Night Hag,L2,1(1),90'(30'),9,8,0,1,claw,2d6,F8
Nightmare,L2,1(0),F360'(120'),-4,6,6,3,hooves/bite,1d6+4/1d6+4/2d4,F6
Nilbog,FF,4d10(4d10),60'(20'),6,0,0,1,weapon,Weapon,F0
Nixie,L1,0(2d20),S120'(40'),7,1,0,1,weapon,1d4,E1
Nymph,L2,0(1d4),120'(40'),9,3,0,0,,0,F3
Ochre Jelly,L1,1(0),30'(10'),8,5,0,1,slime,2d6,F3
"Octopus, Giant",L1,0(1d2),S90'(30'),7,8,0,8,tentacles or bite,1d3each/1d6,F4
Ogre,L1,1d6(2d6),90'(30'),5,4,1,1,club,1d10,F4
Ogre Mage,L2,1d6(1d6),F150'(50'),4,5,2,1,weapon,1d12,M5
Ogrillon,FF,1d4(5d6),120'(40'),6,2,0,2,fists,1d6+1/1d6+1,F2
Olive Slime,M2,1d4(1d4),0'(0'),9,2,2,0,,0,F2
Orc,L1,2d4(1d6x10),120'(40'),6,1,0,1,weapon,1d6/weapon,F1
Otyugh6HD,L2,1(2),60'(20'),3,6,0,3,tentacles/bite,1d8/1d8/1d4+1,F6
Otyugh7HD,L2,1(2),60'(20'),3,7,0,3,tentacles/bite,1d8/1d8/1d4+1,F7
Otyugh8HD,L2,1(2),60'(20'),3,8,0,3,tentacles/bite,1d8/1d8/1d4+1,F8
"Otyugh, Adv9-10HD",L2,1(1),60'(20'),0,0,0,3,tentacles/bite,2d6/2d6/2d4,F9-10
"Otyugh, Adv11-12HD",L2,1(1),60'(20'),0,0,0,3,tentacles/bite,2d6/2d6/2d4,F11-12
Owl Bear,L1,1d4(1d4),120'(40'),5,5,0,3,claws/bite,1d8/1d8/1d8,F3
"Owl, Giant",L2,1d4+1(1d4+1),F180'(60'),6,4,0,3,claws/bite,2d4/2d4/1d4+1,F4
"Pedipalp, Large",M2,1d4(1d4),120'(40'),7,1,1,1,bite,1d8,F1
"Pedipalp, Huge",M2,1d4(1d4),90'(30'),4,2,2,3,pincers/bite,1d6/1d6/1d8,F2
"Pedipalp, Giant",M2,1d2(1d2),60'(20'),2,4,4,3,pincers/bite,1d8/1d8/2d4,F4
Pegasus,L1,0(1d10),F480'(160'),6,2,2,2,hooves,1d6/1d6,F2
Phantom,M2,1(1),90'(30'),,0,0,0,0,0,
Phantom Stalker,FF,1d2(1d2),F240'(80'),3,6,0,2,claws,1d4/1d4,F6
Phase Tiger,L1,1d4(1d4),150'(50'),4,6,0,2,tentacles,2d4/2d4,F6
Phoenix,M2,1(1d4),F390'(130'),-3,20,0,1or2,bite/claws,2d6/1d8/1d8,F20
Phycomid,M2,1d4(1d4),30'(10'),5,4,0,2,globules,1d4+2/1d4+2,F4
Piercer1HD,L2,3d6(3d6),10'(3'),3,1,0,1,drop,1d6,F1
Piercer2HD,L2,3d6(3d6),10'(3'),3,2,0,1,drop,2d6,F2
Piercer3HD,L2,3d6(3d6),10'(3'),3,3,0,1,drop,3d6,F3
Piercer4HD,L2,3d6(3d6),10'(3'),3,4,0,1,drop,4d6,F4
Pixie,L1,2d4(1d4x10),F180'(60'),3,1,0,1,dagger,1d4,E1
Potergeist,FF,1d8(1d8),60'(20'),9,0,0,0,,0,F0
Pseudo-dragon,L2,1(1),F240'(80'),2,2,0,1,bite/tail,1d3/poison,F2
Purple Worm,L1,1d2(1d4),60'(20'),6,15,0,2,bite/sting,2d8/1d8+poison,F8
Pyrolisk,M2,1d4(1d4),F180'(60'),6,4,3,1,bite,1d4,F4
"Quasi-Elemental, Lightning6HD",M2,1(1),F180'(60'),2,6,0,1,shock,1d6+6,F6
"Quasi-Elemental, Lightning9HD",M2,1(1),F180'(60'),2,9,0,1,shock,1d6+9,F9
"Quasi-Elemental, Lightning12HD",M2,1(1),F180'(60'),2,12,0,1,shock,1d6+12,F12
Quickling,M2,4d4(4d4),960'(320'),-3,0,0,3,dagger,1d2/1d2/1d2,C19
Quickwood5HD,M2,1(1d2+2),10'(3'),5,5,0,1,bite,3d4,F5
Quickwood6HD,M2,1(1d2+2),10'(3'),5,6,0,1,bite,3d4,F6
Quickwood7HD,M2,1(1d2+2),10'(3'),5,7,0,1,bite,3d4,F7
Quickwood8HD,M2,1(1d2+2),10'(3'),5,8,0,1,bite,3d4,F8
Quickwood9HD,M2,1(1d2+2),10'(3'),5,9,0,1,bite,3d4,F9
Quickwood10HD,M2,1(1d2+2),10'(3'),5,10,0,1,bite,3d4,F10
Rakshasa,L2,1d4(1d4),150'(50'),-4,7,0,3,claws/bite,1d3/1d3/1d4+1,F7
Rat,L1,5d10(2d10),60'(20'),9,0,0,1,bite(group),1d6(group),F0
"Rat, Giant",L1,3d6(3d10),120'(40'),7,0,0,1,bite,1d3,F1
Raven,M2,4d8(4d8),F360'(120'),7,0,0,1,bite,1,F0
"Raven, Huge",M2,2d4(2d4),F270'(90'),6,0,0,1,bite,1d2,F0
"Raven, Giant",M2,4d4(4d4),F180'(60'),4,3,2,1,bite,1d4+2,F3
Remorhaz7HD,L2,1(1),120'(40'),0,7,0,1,bite,6d6,F7
Remorhaz8HD,L2,1(1),120'(40'),0,8,0,1,bite,6d6,F8
Remorhaz9HD,L2,1(1),120'(40'),0,9,0,1,bite,6d6,F9
Remorhaz10HD,L2,1(1),120'(40'),0,10,0,1,bite,6d6,F10
Remorhaz11HD,L2,1(1),120'(40'),0,11,0,1,bite,6d6,F11
Remorhaz12HD,L2,1(1),120'(40'),0,12,0,1,bite,6d6,F12
Remorhaz13HD,L2,1(1),120'(40'),0,13,0,1,bite,6d6,F13
Remorhaz14HD,L2,1(1),120'(40'),0,14,0,1,bite,6d6,F14
"Rhagodessa, Giant",L1,1d4(1d6),150'(50'),5,4,2,1,leg/bite,0/2d8,F2
Rhinoceros,L1,0(1d12),120'(40'),5,6,0,1,butt/trample,2d4/2d8,F3
"Rhinoceros, Wooly",L1,0(1d8),120'(40'),4,8,0,1,butt/trample,2d6/2d12,F4
"Roc, Small",L1,0(1d12),F480'(160'),4,6,0,3,claws/bite,1d4+1/1d4+1/2d6,F3
"Roc, Large",L1,0(1d8),F480'(160'),2,12,0,3,claws/bite,1d8/1d8/2d10,F6
"Roc, Giant",L1,0(1),F480'(160'),0,36,0,3,claws/bite,3d6/3d6/8d6,F9
Rock Reptile(8'long),M2,1d2(1d2),60'(20'),3,5,8,1,bite,1d4+8,F5
Roper10HD,L2,1d3(1d3),30'(10'),0,10,0,1,bite,5d4,F10
Roper11HD,L2,1d3(1d3),30'(10'),0,11,0,1,bite,5d4,F11
Roper12HD,L2,1d3(1d3),30'(10'),0,12,0,1,bite,5d4,F12
"Roper, Stone",M2,1(1),10'(3'),0,6,0,1,bite,1d10,F6
Rot Grub,L1,0(5d4),10'(2'),9,0,0,0,,0,F0
Rust Monster,L1,1d4(1d4),120'(40'),2,5,0,1,antennae,Rust,F3
Sahuagin,L2,4d4(3d4x10),S240'(80'),5,2,2,5,claws/bite,1d2each/1d4,F2
"Salamander, Flame",L1,1d4+1(2d4),120'(40'),2,8,0,3,claws/bite,1d4/1d4/1d8,F8
"Salamander, Frost",L1,1d3(1d3),120'(40'),3,12,0,5,claws/bite,1d6each/2d6,F12
Sandling,M2,1(1),120'(40'),3,4,0,1,pod,2d8,F4
Sandman,FF,1d6(1d6),90'(30'),3,4,0,0,,0,F4
Satyr,L2,2d4(2d4),180'(60'),5,5,0,1,horns,2d4,F5
Scarecrow,FF,1d6(1d6),60'(30'),6,5,0,1,touch,1d6,F5
"Scorpion, Giant",L1,1d6(1d6),150'(50'),2,4,0,3,claws/sting,1d10/1d10/1d4,F2
Screaming Devilkin,FF,1d4(1d4),F120'(40'),2,3,0,1,tail,1d6,F3
Sea Hag,L2,1d4(1d4),S150'(50'),7,3,0,1,dagger,1d4,F3
Sea Serpent,L1,0(2d6),S150'(50'),5,6,0,1,bite,2d6,F3
Shadow,L1,1d8(1d12),90'(30'),7,2,2,1,fist,1d4+STR drain,F2
Shambling Mound8HD,L2,1d3(1d3),60'(20'),0,8,0,2,fists,2d8/2d8,F8
Shambling Mound9HD,L2,1d3(1d3),60'(20'),0,9,0,2,fists,2d8/2d8,F9
Shambling Mound10HD,L2,1d3(1d3),60'(20'),0,10,0,2,fists,2d8/2d8,F10
Shambling Mound11HD,L2,1d3(1d3),60'(20'),0,11,0,2,fists,2d8/2d8,F11
"Shark, Bull",L1,0(3d6),S180'(60'),4,2,0,1,bite,2d4,F1
"Shark, Mako",L1,0(2d6),S180'(60'),4,4,0,1,bite,2d6,F2
"Shark, Great White",L1,0(1d4),S180'(60'),4,8,0,1,bite,2d10,F4
"Shark, Giant10HD",L2,1d3(1d3),S180'(60'),5,10,0,1,bite,4d4,F10
"Shark, Giant11HD",L2,1d3(1d3),S180'(60'),5,11,0,1,bite,4d4,F11
"Shark, Giant12HD",L2,1d3(1d3),S180'(60'),5,12,0,1,bite,5d4,F12
"Shark, Giant13HD",L2,1d3(1d3),S180'(60'),5,13,0,1,bite,5d4,F13
"Shark, Giant14HD",L2,1d3(1d3),S180'(60'),5,14,0,1,bite,6d4,F14
"Shark, Giant15HD",L2,1d3(1d3),S180'(60'),5,15,0,1,bite,6d4,F15
Shedu,M1,2d4(2d4),F240'(80'),4,9,9,2,hooves,1d6/1d6,F9
"Shedu, Greater",M2,1d2(1d2),F300'(100'),2,14,14,2,hooves,3d6/3d6,F14
"Shrew, Giant",L1,1d4(1d8),180'(60'),4,1,0,2,bites,1d6/1d6,F1
Shrieker,L1,1d8(0),9'(3'),7,3,0,0,,0,F1
Skeleton,L1,3d4(3d10),120'(40'),7,1,0,1,weapon,1d6/weapon,F1
Skeleton Warrior10thLvl,FF,1(1),60'(20'),2,9,2,1,weapon,1 weapon,F10
Skulk,FF,1d8(1d8),120'(40'),7,2,0,1,weapon,Weapon,F2
Slithering Tracker,L2,1(1),120'(40'),5,5,0,0,,0,F5
"Slug, Giant",L2,1(1),60'(20'),8,12,0,1,bite,1d12,F12
"Snake, Amphisbaena",M1,1d3(1d3),120'(40'),3,6,0,2,bites,1d3/1d3+poison,F6
"Snake, Gt.Python",L1,1d3(1d3),90'(30'),6,5,0,2,bite/constrict,1d4/2d4,F3
"Snake, Gt.Ratler",L1,1d4(1d4),120'(40'),5,4,0,2,bites,1d4/1d4+poison,F2
"Snake, Pit Viper",L1,1d8(1d8),90'(30'),6,2,0,1,bite,1d4+poison,F1
"Snake, Sea",L1,1d8(1d8),S90'(30'),6,3,0,1,bite,1+poison,F2
"Snake, Spitting Cobra",L1,1d6(1d6),90'(30'),7,1,0,1,bite,1d3+poison,F1
Spectre,L1,1d4(1d8),F300'(100'),2,6,0,1,touch,1d8+level drain,F6
"Sphinx, Andro-",L2,1(1),F300'(100'),-2,12,0,2,claws,2d6/2d6,F12
"Sphinx, Crio",L2,1d4(1d4),F240'(80'),0,10,0,3,claws/butt,2d4/2d4/3d6,F10
"Sphinx, Gyna",L2,1(1),F240'(80'),-1,8,0,2,claws,2d4/2d4,F8
"Sphinx, Hieraco-",L2,1d6(1d6),F360'(120'),1,9,0,3,claws/bite,2d4/2d4/1d10,F9
"Spider, Gt.Black Widow",L1,1d3(1d3),W120'(40'),6,3,0,1,bite,2d6+poison,F2
"Spider, Gt.Crab",L1,1d4(1d4),120'(40'),7,2,0,1,bite,1d8+poison,F1
"Spider, Gt.Phase",L2,1d4(1d4),W150'(50'),7,5,5,1,bite,1d6+poison,F5
"Spider, Gt.Tarantula",L1,1d3(1d3),120'(40'),5,4,0,1,bite,1d8+poison.,F2
Spriggan(small form),M2,3d4(3d4),90'(30'),3,4,0,2,weapons,2d4/2d4,F8
Spriggan(giant form),M2,3d4(3d4),150'(50'),5,8,4,2,weapons,2d4/2d4,F8
Sprite,L1,3d6(3d6),F180'(60'),5,0,0,0,,0,E1
Squealer,M2,1(1d3+1),120'(40'),6,12,0,3,claws/bite,1d3/1d3/1d6+6,F12
"Squid, Giant",L1,0(1d4),S120'(40'),7,6,0,9,tentacles/bite,1d4each/1d10,F3
"Statue, Animated Crystal ",L1,1d6(1d6),90'(30'),4,3,0,2,fists,1d6/1d6,F3
"Statue, Animated Iron",L1,1d4(1d4),30'(10'),4,4,0,2,fists,1d8/1d8,F4
"Statue, Animated Stone",L1,1d3(1d3),60'(20'),4,5,0,2,fists,2d6/2d6,F5
Stench Kow,M2,15d4(15d4),150'(50'),2,3,3,1,butt,2d4,F3
Stone Guardian,M2,1d4(1d4),100'(33'),2,4,4,2,fists,1d8+1/1d8+1,F4
Stirge,L1,1d10(3d12),F180'(60'),7,1,0,1,proboscis,1d3,F2
Stangleweed2HD,L2,3d4(3d4),0'(0'),6,2,0,1plus,fronds,1+,F2
Stangleweed3HD,L2,3d4(3d4),0'(0'),6,3,0,1plus,fronds,1+,F3
Stangleweed4HD,L2,3d4(3d4),0'(0'),6,4,0,1plus,fronds,1+,F4
Symbiotic Jelly,FF,1(1),10'(3'),8,2,0,0,0,0,F2
Tabaxi,FF,2d4(2d4),150'(50'),6,2,0,3,claws/bite,1d3/1d3/1d3,F2
Taer,M2,1d20+10(1d20+10),180'(60'),4,3,6,3,kick/fist/bite,1d4/1d4/1d6,F3
Temebrous Worm,M2,1(1),10'(3'),1,10,0,1,bite,2d10,F10
Tentamort,FF,1d10(1d10),10'(3'),3,8,0,2,tentacles,1d6/1d6,F4
Thessalhydra,M2,1(1),120'(40'),0,12,0,10,bites/tail,1d6x8/1d20/1d12,F12
Throat Leech,FF,1d6(1d6),10'(3'),9,0,0,1,bite,1d3,F0
Throghrin,L1,1d6(1d10),120'(40'),6,3,0,2or1,claws/weapon,1d3/1d3/weapon,F3
Thunder Beast4+4HD,M2,5d4(5d4),90'(30'),4,4,4,1,bite,2d6,F4
Thunder Beast5+5HD,M2,5d4(5d4),90'(30'),4,5,5,1,bite,2d6,F5
Thunder Beast6+6HD,M2,5d4(5d4),90'(30'),4,6,6,1,bite,2d6,F6
Thunder Beast7+7HD,M2,5d4(5d4),90'(30'),4,7,7,1,bite,2d6,F7
Thunder Beast8+8HD,M2,5d4(5d4),90'(30'),4,8,8,1,bite,2d6,F8
Thunder Beast9+9HD,M2,5d4(5d4),90'(30'),4,9,9,1,bite,2d6,F9
"Tick, Giant2HD",L2,3d4(3d4),30'(10'),3,2,0,1,bite,1d4,F2
"Tick, Giant3HD",L2,3d4(3d4),30'(10'),3,3,0,1,bite,1d4,F3
"Tick, Giant4HD",L2,3d4(3d4),30'(10'),3,4,0,1,bite,1d4,F4
Titan17HD,L2,1d2(1d2),210'(70'),2,17,0,1,fist,7d6,F17
Titan18HD,L2,1d2(1d2),210'(70'),1,18,0,1,fist,7d6,F18
Titan19HD,L2,1d2(1d2),210'(70'),0,19,0,1,fist,7d6,F19
Titan20HD,L2,1d2(1d2),210'(70'),-1,20,0,1,fist,7d6,F20
Titan21HD,L2,1d2(1d2),150'(50'),-2,21,0,1,fist,8d6,F21
Titan22HD,L2,1d2(1d2),150'(50'),-3,22,0,1,fist,8d6,F22
Titanothere,L1,0(1d6),120'(40'),5,12,0,1,butt/trample,2d6/2d8,F6
"Toad, Giant",L1,1d4(1d4),90'(30'),7,2,2,1,bite,1d4+1,F1
"Toad, Giant Ice",L2,1d4(1d4),90'(30'),4,5,0,1,bite,3d4,F5
"Toad, Giant Poisonous",L2,1d4(1d4),90'(30'),7,2,2,1,bite,1d4+1+poison,F1
Transposer,M2,1(1),150'(50'),7,6,0,2,suckers,1d6/1d6,F6
Trapper,L2,1(1),30'(10'),3,12,0,4,crushes,1d6each,F12
Treant,L1,0(1d8),60'(20'),2,8,0,2,branches,2d6/2d6,F8
Tri-Flower Frond,M2,1d10(1d10),0'(0'),9,2,8,3,flowers,Special,F2
Triton,L2,3d4(2d6x10),S150'(50'),5,3,0,1,weapon,Weapon,F3
Troglodyte,L1,1d8(5d8),120'(40'),5,2,0,3,claws/bite,1d4/1d4/1d4,F2
Troll,L1,1d8(1d8),120'(40'),4,6,3,3,claws/bite,1d6/1d6/1d10,F6
"Troll, Giant 2-Headed",FF,1d3(1d3),120'(40'),4,10,0,4,claws/bites,1d6/1d6/1d10/1d10,F10
"Troll, Ice",FF,1d6(1d6),90'(30'),8,2,0,2,claws,1d8/1d8,F2
Tunnel Worm,M2,1d6(1d6),60'(20'),4,9,3,1,bite,2d8,F9
"Turtle, Giant Sea",L2,1d3(1d3),S150'(50'),2,15,0,1,bite,4d4,F15
"Turtle, Giant Snapping",L2,1d4(1d4),S120'(40'),0,10,0,1,bite,6d4,F10
Unicorn,L1,1d6(1d8),240'(80'),2,4,0,3,hooves/horn,1d8/1d8/1d8,F8
Vampire7HD,L1,1d4(1d6),F180'(60'),2,7,0,1,fist,1d10+energy drain,F7
Vampire8HD,L1,1d4(1d6),F180'(60'),2,8,0,1,fist,1d10+energy drain,F8
Vampire9HD,L1,1d4(1d6),F180'(60'),2,9,0,1,fist,1d10+energy drain,F9
Vapor Rat,M2,2d8(2d8),120'(40'),6,2,0,1,bite,1d2,F2
Vegypygmy1HD,M2,30d10(30d10),120'(40'),4,1,0,1,fist/weapon,1d6/weapon,F1
Vegypygmy2HD,M2,30d10(30d10),120'(40'),4,2,0,1,fist/weapon,1d6/weapon,F2
Vegypygmy3HD,M2,30d10(30d10),120'(40'),4,3,0,1,fist/weapon,1d6/weapon,F3
Vegypygmy4HD,M2,30d10(30d10),120'(40'),4,4,0,1,fist/weapon,1d6/weapon,F4
Vegypygmy5HD,M2,30d10(30d10),120'(40'),4,5,0,1,fist/weapon,1d6/weapon,F5
Vegypygmy6HD,M2,30d10(30d10),120'(40'),4,6,0,1,fist/weapon,1d6/weapon,F6
Vegypygmy Dog(Thorny),M2,2d6(3d6),150'(50'),3,4,0,1,bite,1d4+1,F4
Vilstrak,M2,2d10(2d10),90'(30'),2,0,0,2,fists,1d4+1/1d4+1,F0
Volt,FF,2d12(2d12),F60'(20'),3,2,1,1plus1,1+1 bite/jolt,1d4/2d6,F2
Vulching,M2,2d8(2d8),60'(20'),7,1,0,1or2,1/2 bite/claws,1d4+1/1d4/1d4,F1
Vulture,M2,4d6(4d6),270'(90'),6,1,1,1,bite,1d2,F1
"Vulture, Giant",M2,2d6(2d6),240'(80'),7,2,1,1,bite,1d4,F2
"Wasp, Giant",L2,1d20(1d20+20),F210'(70'),4,4,0,2,bite/sting,2d4/1d4+poison,F4
"Weasel, Giant",L1,1d4(1d6),150'(50'),7,4,4,1,bite,2d4,F3
"Whale, Killer",L1,0(1d6),S240'(80'),6,6,0,1,bite,1d20,F3
"Whale, Narwhal",L1,0(1d4),S180'(60'),7,12,0,2,bite/horn,2d6/1d8,F12
"Whale, Sperm",L1,0(1d3),S180'(60'),6,36,0,1,bite,3d20,F15
Wight,L1,1d6(1d8),90'(30'),5,3,0,1,touch,Energy drain,F3
Will-O-Wisp,L2,1(1d3),F180'(60'),-8,9,0,1,shock,2d8,F9
Wind Walker,L2,1d3(1d3),F300'(100'),7,6,3,1,slam,3d6,F6
Witherstench,FF,3d4(3d4),60'(20'),7,2,2,2,claws,1d6/1d6,F2
Witherweed3HD,FF,1(1),0'(0'),8,3,0,Varies,Varies,Special,F3
Witherweed4HD,FF,1(1),0'(0'),8,4,0,Varies,Varies,Special,F4
Witherweed5HD,FF,1(1),0'(0'),8,5,0,Varies,Varies,Special,F5
Witherweed6HD,FF,1(1),0'(0'),8,6,0,Varies,Varies,Special,F6
Wolf,L1,2d6(3d6),180'(60'),7,2,2,1,bite,1d6,F1
"Wolf, Dire",L1,1d4(2d4),150'(50'),6,4,1,1,bite,2d4,F2
"Wolf, Winter",L2,2d4(2d4),180'(60'),5,6,0,1,bite,2d4,F6
Wolf-in-Sheep's-Clothing,M2,1(1),10'(3'),3,9,0,1to3,tentacles,1d4each,F9
Wolverine,L2,1(1d3),120'(40'),5,3,0,3,claws/bite,1d4/1d4/1d4+1,F3
"Wolverine, Giant",L2,1(1d3),150'(50'),4,4,4,3,claws/bite,1d4+1/1d4+1/2d4,F4
Wraith,L1,1d4(1d6),F240'(80'),3,4,0,1,touch,1d6+energy drain,F4
Wyvern,L1,1d2(1d6),F240'(80'),3,7,0,2,bite/sting,2d8/2d8+poison,F4
Xorn,L2,1d4(1d4),90'(30'),-2,7,7,4,claws/bite,1d3/1d3/1d3/6d4,F7
Yellow Mold,L1,1d4(1d8),0'(0'),,2,0,1,spores,1d6+poison,F2
Yellow Musk Creeper,FF,1(1),0'(0'),7,3,0,2to12,dust puffs,Trance,F3
Yellow Musk Zombie,FF,1d2(1d2),120'(60'),8,2,0,1,weapon,Weapon,F2
Yeti,L2,1d6(2d4),150'(50'),6,4,4,2,claws,1d6/1d6,F4
"Yuan Ti, Pureblood",M2,1d4(1d4),120'(40'),4,6,0,1,weapon,Weapon,F6
"Yuan Ti, Halfbreed7HD",M2,1d4(1d4),120'(40'),4,7,0,2,bite/weapon,1d10/weapon,F7
"Yuan Ti, Halfbreed7HD",M2,1d4(1d4),120'(40'),4,7,0,1,weapon,Weapon,F7
"Yuan Ti, Halfbreed8HD",M2,1d4(1d4),120'(40'),4,8,0,2,bite/weapon,1d10/weapon,F8
"Yuan Ti, Halfbreed8HD",M2,1d4(1d4),120'(40'),4,8,0,1,weapon,Weapon,F8
"Yuan Ti, Abomination",M2,1d4(1d4),90'(30'),0,9,0,2,bite/constrict,1d10/1d4,F9
"Yuan Ti, Abomination",M2,1d4(1d4),90'(30'),0,9,0,1,constrict,1d4,F9
Zombie,L1,2d4(4d6),60'(20'),8,2,0,1,weapon,1d8/weapon,F1
"Zombie, Juju",M2,1d4(1d4),90'(30'),6,3,12,1,fist,3d4,F3
